sexo,yedu,exp,Lnih
hombre,1,49,7.349587917
mujer,5,35,7.285049438
hombre,16,27,8.776704788
mujer,3,34,7.472911358
mujer,12,4,8.0427351
mujer,11,28,7.690514565
mujer,8,10,6.838762283
mujer,18,16,8.928566933
hombre,7,24,7.464589596
mujer,11,14,7.439200401
mujer,10,3,6.992913246
hombre,16,7,7.795875072
mujer,14,18,8.853665352
mujer,11,4,6.774223804
mujer,5,22,5.894300938
mujer,9,12,7.467370987
mujer,11,13,7.349587917
mujer,2,25,7.244227409
mujer,11,4,7.467370987
mujer,8,24,6.983944416
hombre,2,21,7.306359291
hombre,11,23,7.49477005
mujer,16,2,9.70096302
mujer,11,17,8.671343803
mujer,9,22,7.531909466
mujer,6,39,7.49477005
mujer,0,32,7.349587917
mujer,11,10,7.324270248
hombre,2,46,7.387328148
hombre,8,25,7.454948425
mujer,11,17,7.364476681
hombre,4,5,5.922471523
mujer,10,15,7.467370987
mujer,16,12,8.751386642
hombre,11,9,7.321417332
hombre,6,11,7.12644434
mujer,8,21,6.947243214
mujer,11,27,8.060434341
hombre,11,15,7.467370987
mujer,13,5,7.909204006
hombre,10,15,6.620073318
mujer,5,30,7.410212517
mujer,10,4,5.452467918
mujer,3,15,5.095793247
hombre,8,14,7.418581009
hombre,11,11,7.637269974
hombre,5,64,6.725433826
hombre,9,13,7.872836113
mujer,5,31,7.44773531
mujer,11,36,6.879584312
mujer,17,20,7.755053043
mujer,5,34,7.450563908
mujer,11,5,7.308765888
hombre,11,11,7.349587917
hombre,11,7,7.467370987
hombre,2,45,7.163258553
mujer,5,39,7.478420734
mujer,11,11,7.298294544
mujer,11,5,7.472911358
hombre,19,19,8.160518646
hombre,11,22,7.49477005
mujer,16,3,7.564699173
hombre,11,5,7.572731495
hombre,8,47,8.671343803
mujer,4,38,6.98494482
mujer,16,16,8.489022255
hombre,14,12,8.721493721
hombre,14,14,8.489022255
hombre,11,7,7.480616093
hombre,11,32,8.214585304
hombre,5,36,7.364028931
hombre,5,27,6.864080429
hombre,5,33,7.349587917
hombre,7,21,7.357886791
hombre,16,8,8.553561211
hombre,9,10,7.013115883
mujer,16,12,7.755053043
hombre,11,9,7.285049438
mujer,11,25,7.483900547
hombre,8,9,6.992913246
hombre,5,30,7.418581009
hombre,11,14,7.690514565
hombre,6,22,7.167266369
hombre,6,27,7.480616093
mujer,7,12,7.534623146
mujer,16,18,8.853665352
hombre,3,40,8.352890015
mujer,21,15,8.933708191
hombre,14,10,7.928656101
mujer,11,3,7.49477005
hombre,16,22,5.675611496
hombre,9,11,7.061905861
mujer,9,36,9.028018951
mujer,11,34,7.470034122
hombre,21,32,9.076808929
mujer,11,4,7.439200401
hombre,11,8,7.387328148
mujer,11,42,7.456197739
mujer,12,16,7.690514565
mujer,0,33,6.934072495
mujer,11,31,6.879584312
mujer,11,22,7.572731495
mujer,11,14,7.407267094
hombre,9,12,7.319906712
mujer,16,12,8.853665352
hombre,11,10,7.774855614
mujer,0,62,6.032286644
hombre,11,9,7.38035965
hombre,5,30,7.403655052
hombre,11,27,8.448200226
mujer,16,0,7.755053043
mujer,6,18,6.974894524
mujer,11,16,7.909204006
hombre,16,18,8.456912041
hombre,5,24,7.255277157
hombre,15,5,8.0427351
mujer,16,4,9.323669434
mujer,8,27,7.483900547
mujer,0,51,6.656440735
mujer,2,64,7.061905861
mujer,2,33,6.638091564
mujer,15,13,7.62152195
mujer,10,12,7.424811363
mujer,7,25,7.59742403
hombre,11,9,7.175234795
hombre,7,14,7.401619911
hombre,22,18,7.467370987
mujer,13,21,8.06437397
mujer,5,19,7.014653206
hombre,12,4,7.860413551
hombre,9,3,6.656440735
mujer,10,21,7.467370987
hombre,8,27,7.795875072
hombre,21,13,10.23995972
hombre,8,14,7.366445065
mujer,11,22,7.69494915
mujer,0,49,6.656440735
hombre,11,10,7.38640213
mujer,5,27,7.308765888
mujer,11,6,7.49477005
hombre,9,16,7.450563908
mujer,16,6,8.160518646
hombre,3,42,7.339537621
hombre,1,47,6.907755375
hombre,9,16,7.216056824
hombre,8,9,7.163258553
hombre,11,7,6.250975609
hombre,11,11,8.78912735
mujer,6,17,6.944122791
hombre,16,32,9.674646378
mujer,11,23,7.410212517
mujer,14,15,6.801622868
mujer,14,33,8.671343803
mujer,7,4,6.879584312
hombre,11,16,7.521438122
hombre,11,6,7.439200401
hombre,12,8,7.874686241
mujer,16,3,8.565983772
mujer,7,20,7.343318462
hombre,5,8,7.285049438
hombre,10,7,7.600902557
hombre,11,6,7.12644434
mujer,5,17,6.70523119
hombre,10,37,7.690514565
hombre,12,16,7.439200401
mujer,11,34,8.630521774
mujer,8,6,6.934072495
mujer,12,1,7.675010681
mujer,11,23,7.690514565
mujer,14,14,7.559922695
mujer,8,21,6.879584312
mujer,8,9,6.314691544
hombre,10,3,6.474119186
hombre,19,22,8.918204308
mujer,14,3,6.31112957
mujer,5,43,7.271626472
hombre,3,35,7.978196621
hombre,11,7,8.265878677
mujer,11,15,7.314608574
hombre,5,16,7.067948341
mujer,14,5,8.017416954
hombre,5,45,7.398378372
mujer,5,41,7.067446232
mujer,11,6,7.398378372
hombre,17,32,8.774884224
hombre,22,12,7.690514565
mujer,3,5,6.774223804
hombre,8,18,7.467370987
hombre,2,40,7.067446232
hombre,6,15,7.033734798
hombre,4,54,7.244227409
hombre,5,41,7.978196621
hombre,8,39,7.439200401
hombre,16,15,8.987196922
mujer,11,17,7.439200401
hombre,14,26,8.065208435
mujer,16,2,8.489022255
hombre,7,34,8.080031395
hombre,9,22,8.894487381
mujer,11,3,7.216056824
hombre,11,9,7.210325718
mujer,14,4,7.49477005
hombre,5,30,7.690514565
hombre,8,14,7.308765888
mujer,20,21,10.39411068
mujer,5,40,6.368758678
hombre,2,49,7.238257408
mujer,16,10,8.894487381
mujer,19,20,8.954013824
mujer,5,16,6.913486004
hombre,11,2,7.098273754
hombre,16,13,7.860413551
mujer,11,13,7.418997765
mujer,11,23,7.472911358
hombre,5,39,7.349587917
hombre,7,17,7.013532162
hombre,8,16,6.944122791
mujer,11,19,7.439200401
mujer,14,2,7.467370987
hombre,5,40,7.467370987
mujer,10,0,5.963293552
mujer,13,5,7.930406094
hombre,11,3,7.49477005
hombre,21,16,9.364491463
mujer,0,52,6.279146671
hombre,11,9,7.560153008
mujer,5,33,7.432089329
mujer,16,12,7.978196621
hombre,11,17,7.179688931
hombre,9,22,7.661527157
mujer,1,34,6.58744812
mujer,5,25,7.433469772
hombre,5,14,6.214608192
mujer,9,9,7.418997765
hombre,8,21,7.521438122
hombre,5,15,7.273786545
mujer,3,34,7.398378372
hombre,20,13,9.31319809
hombre,9,31,7.467370987
hombre,8,9,6.907755375
hombre,16,15,9.924106598
hombre,5,28,7.572731495
mujer,5,19,7.418997765
mujer,9,19,7.363381386
mujer,11,7,7.285049438
mujer,5,38,6.962814808
mujer,13,4,7.289484024
hombre,18,18,8.525161743
mujer,14,3,7.49477005
hombre,11,8,7.363381386
hombre,5,30,8.265878677
hombre,15,11,8.825494766
mujer,16,13,8.671343803
mujer,11,10,7.433469772
hombre,8,28,7.937374592
mujer,5,31,6.551080227
mujer,18,12,8.448200226
mujer,3,25,6.756524086
hombre,5,51,7.467370987
mujer,6,27,7.755053043
mujer,13,11,7.067446232
hombre,11,3,9.246707916
hombre,14,26,8.326503754
mujer,10,23,7.285049438
mujer,11,30,7.485865593
hombre,11,14,7.208233833
mujer,10,21,7.49477005
hombre,9,20,7.690514565
hombre,11,22,7.775672436
mujer,9,7,7.917738914
mujer,5,32,6.656440735
hombre,16,17,8.265878677
mujer,11,25,7.572731495
hombre,9,30,7.355128288
mujer,2,36,6.368758678
mujer,18,19,9.141347885
mujer,16,6,8.342840195
hombre,6,16,7.407267094
mujer,5,17,6.974894524
mujer,7,12,7.467370987
mujer,10,6,6.850596905
mujer,5,20,6.887552738
mujer,11,24,7.755053043
mujer,11,24,7.410212517
hombre,16,12,8.671343803
mujer,11,7,6.743452072
mujer,17,5,8.163687706
mujer,11,3,5.963293552
mujer,4,48,7.021083832
mujer,11,3,7.195437431
hombre,11,18,6.879584312
mujer,2,22,6.747412682
mujer,14,9,8.162183762
mujer,11,2,7.061905861
hombre,26,30,9.076808929
mujer,8,27,7.426548958
mujer,16,25,8.642355919
hombre,11,2,7.285049438
mujer,8,11,5.809143066
mujer,11,16,7.426548958
hombre,18,16,9.70096302
mujer,9,6,7.268619061
hombre,7,21,7.572731495
mujer,3,35,7.04355669
hombre,6,36,7.090076923
mujer,12,11,7.937374592
hombre,8,45,8.148096085
hombre,15,6,8.119696617
hombre,11,17,7.637269974
hombre,5,40,8.671343803
hombre,11,8,7.467370987
mujer,8,17,7.472911358
mujer,11,27,8.448200226
hombre,11,18,7.244227409
hombre,11,21,7.581781387
hombre,11,33,8.671343803
hombre,3,17,7.472911358
hombre,5,28,7.50373888
mujer,14,9,7.424609184
hombre,11,24,7.44773531
hombre,11,26,6.368758678
mujer,10,25,6.368758678
mujer,13,31,8.170568466
hombre,11,15,7.860413551
hombre,10,35,8.543510437
hombre,6,15,7.383489609
mujer,13,33,8.671343803
hombre,11,23,7.530519485
mujer,11,2,7.407267094
mujer,9,37,7.477421284
hombre,6,19,7.467370987
mujer,17,11,8.743664742
mujer,11,10,7.357886791
hombre,11,22,6.674140453
hombre,10,4,7.213455677
mujer,11,6,6.656440735
hombre,5,15,7.755053043
mujer,9,10,7.113199234
hombre,13,14,7.418581009
hombre,14,17,8.073507309
mujer,0,29,6.368758678
hombre,14,7,7.467370987
hombre,11,6,7.515470982
mujer,5,14,6.656440735
hombre,13,17,7.978196621
mujer,18,11,8.766654015
hombre,11,3,7.547413826
hombre,9,18,7.061905861
hombre,10,13,8.406527519
hombre,8,23,7.013115883
mujer,16,5,7.690514565
mujer,2,30,7.285049438
mujer,16,15,8.959026337
mujer,11,13,7.10272789
hombre,11,17,7.996215343
hombre,8,7,7.478420734
mujer,3,14,7.195437431
mujer,11,34,7.815677643
hombre,11,25,7.436599255
mujer,17,13,7.65661335
mujer,5,12,7.264846802
mujer,14,1,7.542959213
hombre,11,11,7.404313087
mujer,11,12,7.803843498
hombre,16,22,9.715147972
hombre,3,25,6.928374767
mujer,10,18,6.931852818
mujer,8,22,7.467370987
mujer,11,3,7.439200401
hombre,11,11,6.591902256
hombre,14,24,8.853665352
mujer,14,7,7.909204006
mujer,17,14,9.141347885
hombre,9,24,7.439200401
hombre,0,66,6.838762283
hombre,5,15,6.838762283
mujer,16,7,7.061905861
hombre,15,12,7.944295406
hombre,11,30,7.303068161
mujer,16,8,9.076808929
hombre,11,48,7.978196621
hombre,9,5,7.439200401
mujer,5,27,7.349587917
mujer,6,29,6.396929741
mujer,11,6,7.090076923
hombre,12,3,7.467370987
hombre,9,23,8.294049263
hombre,11,15,7.62152195
hombre,0,45,6.656440735
mujer,8,16,6.761801243
mujer,11,7,7.285049438
hombre,11,26,7.437598705
hombre,11,3,7.467370987
mujer,14,12,8.448200226
hombre,9,30,7.38640213
mujer,2,28,6.907755375
hombre,6,29,7.755053043
hombre,4,32,5.991464615
hombre,13,5,7.891185284
mujer,14,24,8.201340675
mujer,11,16,7.004747391
hombre,11,14,7.835095882
hombre,4,43,7.714231014
mujer,11,14,7.439200401
hombre,16,35,8.853665352
hombre,11,19,7.978196621
hombre,4,51,7.418997765
mujer,5,5,6.527823448
hombre,8,29,7.531909466
hombre,0,11,5.963293552
hombre,11,10,7.572731495
hombre,11,2,6.992913246
hombre,12,8,7.572731495
hombre,9,5,7.285049438
hombre,10,19,7.842064381
hombre,11,9,7.978196621
mujer,5,35,6.580933571
hombre,9,5,7.467370987
hombre,7,11,7.38640213
mujer,14,1,8.265878677
hombre,5,33,5.963293552
hombre,11,4,6.020452023
hombre,5,30,7.795875072
mujer,9,15,7.216056824
mujer,16,9,8.215637207
mujer,11,0,8.735882759
hombre,13,15,7.872836113
hombre,11,2,7.418997765
hombre,8,30,7.531909466
hombre,3,24,7.38640213
mujer,4,8,6.43775177
hombre,9,16,7.264846802
mujer,17,21,8.448200226
mujer,11,35,8.190076828
hombre,11,3,6.838762283
mujer,11,18,7.369390488
mujer,11,1,7.49477005
mujer,14,16,7.690514565
hombre,16,19,9.076808929
mujer,11,3,7.418997765
mujer,9,8,7.531909466
mujer,5,18,7.285049438
mujer,11,30,7.472911358
mujer,7,30,6.474119186
hombre,15,25,8.853665352
mujer,11,12,7.38640213
mujer,16,29,8.774884224
hombre,5,32,7.274325371
mujer,16,26,8.301596642
mujer,15,5,7.775672436
hombre,7,29,7.141509056
hombre,15,13,8.959026337
hombre,11,30,7.254277706
mujer,4,30,6.620073318
hombre,9,5,6.992913246
mujer,5,27,6.214608192
hombre,8,22,7.675010681
hombre,20,13,10.30449867
mujer,5,6,6.032286644
mujer,8,13,6.368758678
mujer,16,18,8.940676689
hombre,5,46,7.666222095
hombre,6,27,5.963293552
mujer,5,22,6.576398373
hombre,9,33,7.285049438
hombre,7,9,7.478420734
mujer,16,17,7.497223854
mujer,4,40,7.523350239
mujer,2,56,6.743452072
hombre,2,15,7.349587917
mujer,11,9,7.244227409
hombre,3,15,6.337986946
mujer,11,11,7.483535767
hombre,16,18,8.853665352
mujer,17,10,9.583180428
hombre,11,3,7.345580101
mujer,10,27,7.500160694
hombre,8,6,6.980937004
hombre,5,10,7.285049438
hombre,8,23,7.285049438
mujer,4,30,6.774223804
hombre,11,28,6.96182251
hombre,12,16,7.572731495
mujer,0,47,7.559922695
mujer,5,40,7.285049438
hombre,12,6,7.690514565
hombre,16,19,8.671343803
mujer,11,4,7.003065586
mujer,11,15,8.129746437
hombre,5,17,7.216056824
mujer,16,10,8.671343803
hombre,11,20,8.671343803
hombre,13,6,8.265878677
mujer,11,27,8.383662224
mujer,11,24,6.907755375
hombre,8,24,7.349587917
hombre,11,9,9.141347885
hombre,11,23,8.273846626
mujer,5,33,7.213455677
hombre,5,45,7.115972996
mujer,7,6,6.907755375
hombre,5,49,6.656440735
hombre,7,13,7.307028294
hombre,9,16,8.261870384
mujer,11,4,7.478420734
mujer,16,6,8.022213936
hombre,1,45,6.992913246
mujer,5,27,6.717065334
hombre,20,28,8.776704788
mujer,8,13,7.256062031
mujer,5,17,6.733401775
mujer,14,17,8.815924644
hombre,5,28,7.40088129
hombre,14,6,7.815677643
hombre,8,9,7.167266369
hombre,5,14,7.349587917
hombre,11,7,7.483900547
mujer,11,9,7.467370987
hombre,5,44,6.892829418
mujer,13,2,7.418997765
hombre,9,2,7.195437431
hombre,10,1,7.285049438
mujer,11,14,7.467370987
mujer,5,20,6.656440735
hombre,8,35,7.349587917
mujer,11,20,7.795875072
hombre,18,10,8.489022255
mujer,10,8,7.829161167
hombre,20,14,8.717272758
hombre,15,6,7.202984333
hombre,3,64,9.064386368
mujer,9,9,7.491324425
hombre,10,32,6.684611797
hombre,5,25,7.510856152
hombre,11,24,8.489022255
hombre,11,17,8.51858139
hombre,5,37,7.440342426
hombre,5,5,5.675611496
hombre,11,19,8.058238983
hombre,11,32,7.255277157
mujer,11,4,6.327936649
mujer,11,4,7.407267094
mujer,11,4,7.49477005
mujer,7,16,6.838762283
hombre,2,21,7.436599255
hombre,11,15,6.879584312
hombre,11,24,8.278781891
hombre,16,11,8.853665352
hombre,7,23,7.12644434
hombre,5,27,7.464589596
hombre,8,18,7.572731495
hombre,16,11,8.010986328
hombre,11,16,7.147265911
hombre,4,24,7.481164455
mujer,11,30,7.690514565
hombre,11,14,7.454948425
mujer,5,42,7.666222095
mujer,6,24,6.907755375
hombre,6,27,7.49477005
mujer,5,23,6.299766064
hombre,11,5,7.755053043
hombre,11,22,8.052304268
hombre,9,16,8.584332466
mujer,0,36,7.467370987
hombre,5,17,7.216056824
hombre,5,19,7.439200401
hombre,16,10,8.006367683
mujer,11,34,6.551080227
hombre,11,22,7.767475605
hombre,5,28,7.368279934
hombre,5,33,6.994766712
mujer,1,51,7.426548958
mujer,5,25,7.464589596
mujer,3,16,7.24976778
hombre,6,8,5.357157707
hombre,8,8,7.244227409
hombre,2,22,7.244227409
hombre,9,39,8.773622513
mujer,11,7,7.472911358
mujer,10,6,6.520308495
hombre,5,23,7.467370987
mujer,11,40,7.870982647
hombre,16,21,8.62005043
hombre,5,49,6.368758678
mujer,9,12,7.148917198
hombre,11,5,8.448200226
mujer,5,29,6.879584312
hombre,20,28,9.182169914
hombre,11,27,7.70375967
mujer,11,27,8.397881508
hombre,11,3,4.759320736
mujer,10,10,7.278129101
mujer,9,13,6.081076622
mujer,15,5,7.439200401
hombre,10,9,7.211966515
mujer,15,5,7.755053043
mujer,6,21,7.472911358
hombre,11,29,7.478420734
mujer,16,19,8.383662224
hombre,11,3,6.907755375
hombre,11,16,7.795875072
mujer,8,2,5.413247108
hombre,5,43,7.302047253
hombre,5,19,7.061905861
mujer,11,4,6.697262764
mujer,5,37,7.418997765
hombre,11,4,7.62152195
mujer,16,11,8.129746437
mujer,16,8,8.489022255
mujer,3,50,6.879584312
mujer,17,8,8.671343803
mujer,11,24,8.0427351
hombre,10,3,6.879584312
hombre,5,25,8.240560532
hombre,5,38,6.656440735
mujer,8,43,6.743452072
hombre,5,13,7.410212517
mujer,17,15,7.937374592
hombre,9,6,4.199705124
mujer,6,31,7.268919945
mujer,11,4,6.838762283
mujer,16,19,9.721165657
hombre,16,18,9.259130478
hombre,19,31,9.182169914
hombre,11,15,7.439200401
mujer,10,26,7.331238747
mujer,7,18,6.784274101
mujer,0,8,6.299766064
hombre,13,18,7.572731495
hombre,11,25,8.553561211
hombre,16,7,7.659742832
hombre,2,40,7.38640213
hombre,7,26,7.572731495
hombre,5,21,7.572731495
mujer,16,27,8.448200226
hombre,14,4,7.857910633
mujer,11,11,7.600902557
mujer,8,26,7.167266369
mujer,12,7,7.395397663
mujer,16,7,8.103360176
mujer,12,22,7.649692535
mujer,13,14,8.0427351
mujer,13,5,8.265878677
hombre,4,31,7.290747643
mujer,5,33,7.467370987
hombre,14,8,7.88288641
hombre,9,19,7.572731495
hombre,7,31,7.349587917
mujer,2,43,6.299766064
mujer,5,37,7.478420734
mujer,16,20,8.485013962
mujer,5,35,7.38640213
mujer,9,2,6.455770016
mujer,10,4,6.774223804
mujer,7,29,7.268619061
mujer,4,12,7.451241493
mujer,11,6,6.774223804
hombre,11,24,7.641724586
mujer,9,32,7.795875072
mujer,0,32,6.918805122
mujer,13,14,7.978196621
mujer,16,7,8.11214447
mujer,9,36,8.118537903
hombre,7,19,7.398378372
hombre,11,16,7.49477005
hombre,11,19,8.141674995
mujer,5,30,7.195437431
hombre,7,18,7.439200401
mujer,3,8,5.809143066
mujer,18,18,9.364491463
hombre,14,8,8.894487381
mujer,11,4,7.601318836
mujer,11,4,7.467370987
mujer,11,19,7.456197739
hombre,5,9,7.216056824
hombre,6,5,7.061905861
hombre,8,7,7.472911358
mujer,7,33,7.432089329
hombre,11,21,8.265878677
mujer,16,16,9.054336548
mujer,5,19,6.368758678
mujer,11,11,7.44773531
mujer,4,42,6.751750946
hombre,5,10,7.436599255
hombre,9,2,7.195437431
mujer,8,25,6.838762283
hombre,11,9,7.395397663
hombre,14,35,8.735882759
hombre,8,47,5.51130867
mujer,1,61,7.467370987
mujer,17,6,7.978196621
hombre,16,18,8.784672737
hombre,13,3,7.56570673
mujer,3,20,6.697262764
hombre,15,12,8.671343803
mujer,11,22,7.736703873
mujer,11,18,7.418997765
mujer,9,8,7.349587917
hombre,9,36,8.14031601
hombre,11,6,7.562681198
mujer,15,9,8.0427351
mujer,7,30,7.937374592
mujer,14,27,8.696479797
hombre,11,13,7.121222496
mujer,16,3,7.349587917
mujer,11,36,8.461856842
hombre,5,66,7.456197739
mujer,11,8,7.375255585
mujer,9,9,6.761801243
hombre,11,6,7.572731495
hombre,11,10,7.978196621
hombre,6,34,7.492063522
hombre,11,30,8.383662224
mujer,5,16,7.090076923
hombre,10,9,7.410212517
mujer,14,14,7.572731495
mujer,10,4,6.838762283
hombre,11,20,7.500160694
hombre,7,18,7.061905861
mujer,19,23,9.195414543
mujer,11,25,7.061905861
mujer,3,56,6.992913246
mujer,11,5,7.083215714
mujer,5,38,6.838762283
hombre,11,6,7.349587917
hombre,7,22,7.439200401
mujer,5,33,7.69494915
mujer,7,45,7.210326195
mujer,11,5,7.755053043
hombre,9,13,6.838762283
hombre,13,4,6.656440735
hombre,7,12,7.318760395
mujer,11,14,8.010986328
mujer,12,15,7.955723763
mujer,5,30,7.755053043
hombre,8,7,6.656440735
mujer,7,7,7.244227409
hombre,2,53,7.12644434
hombre,13,26,8.933708191
hombre,11,8,7.795875072
mujer,16,11,8.265878677
mujer,11,6,7.467370987
mujer,16,34,8.448200226
mujer,11,32,8.496990204
hombre,17,27,8.712165833
mujer,5,14,6.409580708
mujer,11,21,8.735882759
hombre,6,28,7.795875072
hombre,15,6,9.019650459
mujer,0,30,6.761801243
mujer,12,33,7.531909466
mujer,11,12,7.433469772
mujer,8,29,7.671671391
hombre,0,14,7.572731495
mujer,17,9,7.755053043
mujer,13,5,7.481164455
mujer,11,11,7.572731495
hombre,5,30,7.521438122
hombre,12,6,9.364491463
mujer,3,19,7.317839146
mujer,16,5,8.671343803
hombre,2,20,6.713599205
mujer,11,25,8.006367683
hombre,18,31,9.359478951
mujer,5,48,6.761801243
hombre,7,33,7.668041706
mujer,7,37,8.171567917
mujer,8,38,7.43059206
hombre,5,27,8.448200226
mujer,11,5,7.580699921
mujer,9,38,8.448200226
mujer,5,33,7.572731495
hombre,5,8,7.398378372
mujer,6,31,7.10272789
mujer,15,7,7.978196621
mujer,19,10,10.36184978
hombre,11,6,7.439200401
mujer,5,49,7.572731495
hombre,11,30,6.725850582
mujer,7,28,6.944122791
hombre,4,42,6.145615101
hombre,5,65,7.467370987
hombre,21,11,9.182169914
mujer,11,5,7.426548958
hombre,8,14,7.195437431
hombre,16,22,9.308402061
hombre,12,5,6.389811993
mujer,8,13,7.38640213
hombre,6,8,7.12644434
mujer,16,9,8.959026337
hombre,11,16,6.761801243
hombre,4,35,7.439200401
hombre,23,17,9.534234047
hombre,5,9,7.061905861
hombre,8,27,7.38640213
hombre,11,12,7.62152195
mujer,6,11,6.656440735
mujer,11,17,8.278301239
mujer,6,13,6.368758678
mujer,5,29,7.49477005
mujer,5,17,7.094695568
hombre,11,8,7.378175259
hombre,9,10,6.18643713
mujer,16,17,8.766654015
mujer,13,10,7.572731495
mujer,11,39,6.502290249
mujer,16,15,7.755053043
mujer,8,11,6.774223804
mujer,14,21,7.580699921
mujer,6,26,7.49477005
hombre,14,1,7.439200401
mujer,12,5,6.78746891
mujer,8,20,7.456197739
hombre,13,14,7.860413551
mujer,8,17,7.418997765
mujer,16,11,8.671343803
hombre,16,14,9.87531662
mujer,11,9,7.1419487
mujer,5,27,6.838762283
mujer,4,46,7.531909466
hombre,11,23,7.467370987
hombre,5,26,7.032918453
mujer,5,37,6.299766064
mujer,17,13,8.922657967
hombre,16,26,9.718663216
mujer,9,35,7.061905861
hombre,11,8,7.726881981
mujer,11,19,7.472911358
hombre,16,24,8.630521774
mujer,4,24,5.626821518
hombre,14,23,8.825494766
hombre,6,20,7.201667786
hombre,16,17,8.160518646
hombre,11,12,6.934072495
mujer,8,11,7.649692535
hombre,15,15,8.751386642
hombre,9,2,6.561130524
hombre,8,33,7.60229063
hombre,8,3,7.061905861
hombre,10,25,7.031134129
mujer,16,5,8.508825302
hombre,16,24,9.70096302
mujer,11,17,7.390555382
mujer,16,16,8.265878677
mujer,4,39,6.774223804
mujer,11,19,7.349587917
hombre,3,22,6.327936649
mujer,4,27,7.013532162
hombre,11,5,6.06865406
hombre,11,41,7.630056858
hombre,11,27,7.679341316
hombre,11,10,8.073507309
hombre,7,23,7.058871269
mujer,11,7,7.521438122
mujer,3,22,7.515102386
hombre,11,14,7.755053043
hombre,11,12,7.49477005
mujer,4,18,6.838762283
hombre,11,20,7.71249342
hombre,6,8,6.743452072
mujer,16,12,7.909204006
mujer,16,8,7.70375967
hombre,10,4,6.992913246
mujer,11,2,7.601318836
hombre,9,19,7.255277157
mujer,5,26,7.755053043
mujer,11,9,7.824046135
mujer,8,29,7.592534065
mujer,3,34,6.883213997
mujer,5,10,6.551080227
hombre,5,7,7.021083832
mujer,8,6,6.502290249
hombre,14,7,8.853665352
hombre,10,11,7.216056824
hombre,7,17,7.418997765
mujer,14,9,8.411060333
hombre,16,5,8.265878677
mujer,5,38,7.331783295
mujer,11,9,6.761801243
hombre,11,11,7.572731495
hombre,8,13,7.755053043
mujer,16,11,7.907160759
mujer,5,9,7.349587917
hombre,9,16,7.49477005
hombre,5,42,7.410212517
hombre,11,29,8.014564514
mujer,7,3,9.364491463
mujer,15,24,8.751386642
hombre,11,17,7.424811363
mujer,8,12,7.410212517
hombre,8,21,5.675611496
mujer,11,20,7.285049438
mujer,11,13,6.717065334
mujer,11,17,7.547413826
hombre,11,14,7.443273544
hombre,9,6,7.285049438
hombre,11,15,7.38640213
mujer,11,10,6.733401775
mujer,4,25,6.876983643
mujer,11,19,7.418997765
hombre,5,47,7.937374592
hombre,11,12,8.671343803
hombre,11,10,6.944122791
hombre,5,27,7.323270798
hombre,5,16,7.410212517
mujer,15,19,7.489349842
mujer,4,16,7.860413551
mujer,13,6,8.265878677
hombre,5,15,6.879584312
hombre,14,4,7.167266369
hombre,11,13,8.070905685
hombre,11,33,7.949797153
mujer,3,34,6.405126572
mujer,4,6,7.195437431
mujer,5,7,7.439200401
hombre,7,15,7.755053043
mujer,14,6,7.244227409
hombre,11,13,8.201340675
hombre,5,27,7.678092003
mujer,16,7,8.383662224
hombre,14,39,7.978196621
mujer,15,3,8.448200226
mujer,11,12,7.410212517
hombre,13,12,7.49477005
hombre,11,18,7.432089329
hombre,10,20,6.755678177
mujer,11,19,6.956545353
mujer,11,21,6.396929741
mujer,11,9,7.467370987
hombre,11,11,7.690514565
mujer,12,9,8.448200226
mujer,11,39,8.265878677
hombre,11,26,7.492063522
mujer,11,5,6.032286644
hombre,7,17,7.44773531
hombre,5,44,7.418997765
hombre,7,15,7.467370987
hombre,5,31,7.013532162
hombre,12,5,9.769956589
mujer,5,10,5.740149975
mujer,8,27,7.130114079
mujer,11,6,7.264846802
hombre,10,24,7.600902557
hombre,21,2,7.755053043
hombre,11,6,7.537449837
hombre,11,27,7.323270798
mujer,11,26,7.795875072
hombre,16,12,8.468819618
hombre,13,7,7.392407894
mujer,11,16,7.608870506
mujer,12,4,8.383662224
hombre,11,4,6.992913246
mujer,10,2,7.521438122
mujer,11,13,7.12644434
mujer,5,21,7.568723679
mujer,5,29,6.656440735
hombre,14,3,7.731242657
mujer,5,38,7.314996719
hombre,14,6,9.364491463
mujer,11,5,6.879584312
hombre,5,13,7.033734798
mujer,8,5,6.46406889
mujer,5,39,7.545702934
mujer,5,34,7.187068939
hombre,8,39,7.937374592
hombre,11,14,7.429630756
hombre,5,39,7.285049438
hombre,11,8,7.392407894
hombre,12,9,7.342288971
hombre,5,17,7.013115883
hombre,5,62,7.62152195
hombre,2,14,4.941642284
hombre,11,28,7.52048111
mujer,6,39,7.418997765
mujer,3,22,6.656440735
mujer,6,4,6.70523119
hombre,8,13,7.531909466
hombre,11,5,7.232251167
mujer,9,24,6.694180965
hombre,16,13,8.959026337
mujer,11,18,7.167266369
mujer,5,34,4.017383575
hombre,11,31,7.961389542
hombre,3,16,6.761801243
mujer,11,12,7.44773531
hombre,11,31,7.547413826
mujer,11,9,7.407267094
mujer,12,4,7.418997765
mujer,11,14,7.775672436
hombre,7,31,8.448200226
mujer,3,24,5.867983341
hombre,11,12,7.418997765
hombre,10,38,6.26339817
hombre,10,14,7.795875072
hombre,2,58,7.407267094
mujer,16,14,9.498022079
mujer,5,28,7.013115883
hombre,8,10,6.145615101
mujer,18,13,8.894487381
mujer,11,6,6.888154984
mujer,11,14,6.145615101
hombre,11,10,7.478420734
mujer,16,13,8.160518646
mujer,3,40,7.637269974
mujer,7,20,7.061905861
mujer,2,40,7.349587917
mujer,11,14,6.725433826
mujer,11,4,7.244227409
mujer,11,20,7.49477005
mujer,11,39,7.44773531
hombre,1,18,6.838762283
mujer,5,42,7.061905861
mujer,9,6,7.345580101
hombre,17,18,8.129746437
mujer,8,29,7.418997765
mujer,8,13,6.436812401
hombre,13,19,8.265878677
hombre,6,12,7.268619061
hombre,5,12,6.538657665
hombre,11,20,7.547413826
mujer,7,12,6.838762283
hombre,11,8,7.473413467
mujer,11,4,6.615618706
mujer,13,20,7.755053043
mujer,15,16,9.58763504
hombre,16,26,9.87531662
mujer,5,36,7.436338902
hombre,11,13,7.387328148
mujer,11,3,7.418997765
mujer,11,0,7.285049438
mujer,9,13,7.972776413
hombre,8,19,6.214608192
mujer,16,19,6.368758678
hombre,4,8,6.145615101
mujer,10,19,6.850596905
hombre,11,8,7.439200401
mujer,5,39,6.420052052
mujer,11,9,7.233054161
hombre,16,14,8.804875374
hombre,5,40,7.349587917
mujer,11,20,7.572731495
mujer,8,17,6.987798214
hombre,6,46,7.467370987
hombre,6,11,7.872836113
hombre,11,19,7.69715929
mujer,12,26,8.196886063
hombre,13,6,7.148917198
mujer,11,18,7.978196621
mujer,5,26,7.371227264
hombre,13,4,8.853665352
hombre,16,13,8.894487381
mujer,5,44,7.456197739
mujer,3,47,7.674084187
hombre,6,30,7.303068161
hombre,5,44,7.001801968
hombre,11,3,7.568723679
hombre,11,24,7.042270184
hombre,9,23,7.568723679
hombre,11,23,7.521438122
mujer,17,9,8.006367683
mujer,17,32,8.853665352
hombre,11,10,7.690514565
mujer,11,8,7.285049438
hombre,6,5,7.001281261
mujer,5,34,7.061905861
hombre,11,9,7.085436344
mujer,16,21,8.160518646
hombre,7,17,7.318760395
mujer,11,6,6.907755375
mujer,9,37,7.572731495
hombre,17,9,9.076808929
hombre,5,36,7.467370987
mujer,8,16,7.101126671
hombre,11,7,7.572731495
mujer,7,24,7.013115883
mujer,3,20,6.538657665
mujer,14,5,7.201667786
hombre,5,15,7.231804848
hombre,9,3,7.349587917
hombre,12,4,9.58763504
mujer,11,16,7.310367584
mujer,10,20,7.439200401
hombre,14,23,8.825494766
hombre,10,22,7.439200401
mujer,5,25,6.96659565
hombre,11,11,7.418997765
mujer,8,36,6.455770016
mujer,11,34,8.265878677
mujer,5,8,6.145615101
mujer,3,22,7.176316261
mujer,16,7,8.132347107
mujer,5,10,6.892829418
hombre,8,29,8.383662224
mujer,5,30,7.888584614
hombre,11,14,8.853665352
mujer,11,14,7.572731495
hombre,0,39,6.071507454
hombre,16,25,8.933708191
mujer,16,22,8.671343803
hombre,16,25,8.959026337
hombre,8,17,7.439200401
hombre,18,27,8.553561211
hombre,2,48,7.467370987
hombre,11,39,7.755053043
mujer,13,10,8.324147224
mujer,2,23,7.439200401
hombre,11,39,8.132347107
mujer,11,17,7.568723679
hombre,5,28,7.418581009
mujer,16,17,8.103360176
hombre,12,4,7.512273788
mujer,11,14,6.879584312
hombre,11,9,7.418997765
hombre,4,5,6.250975609
mujer,13,5,7.285049438
hombre,7,40,6.96659565
mujer,5,23,7.531909466
mujer,3,9,7.10012722
mujer,9,34,7.23625946
mujer,15,4,8.0427351
hombre,11,7,7.795875072
mujer,5,15,6.265574455
mujer,9,12,6.103055477
hombre,9,4,7.572731495
mujer,11,9,7.489349842
mujer,11,21,7.95176363
mujer,7,36,7.439200401
mujer,8,20,6.763050556
hombre,11,13,7.407267094
mujer,11,4,7.467370987
hombre,7,33,7.426548958
mujer,3,32,6.551080227
hombre,16,43,8.825494766
mujer,5,40,7.216056824
hombre,5,54,8.894487381
hombre,5,26,7.467370987
mujer,5,8,7.433469772
mujer,11,11,7.472911358
hombre,11,16,7.661962509
mujer,11,4,6.879584312
hombre,11,29,7.978196621
hombre,5,23,7.410212517
hombre,6,12,7.308765888
mujer,16,18,8.959026337
hombre,11,12,8.024386406
hombre,11,10,7.244227409
hombre,9,6,7.167266369
mujer,6,24,7.601318836
hombre,7,20,7.349587917
hombre,11,22,6.901461124
mujer,7,8,5.675611496
mujer,0,45,7.061905861
hombre,15,30,8.853665352
mujer,5,52,8.553561211
hombre,11,8,6.448801517
hombre,11,7,7.244227409
hombre,8,5,7.195854187
hombre,6,18,7.659742832
mujer,19,11,8.314668655
mujer,11,37,7.572731495
mujer,11,16,6.531277657
mujer,5,47,7.013115883
hombre,16,27,8.489022255
mujer,2,36,6.433297157
mujer,6,19,6.997367382
hombre,11,40,8.414299011
hombre,11,16,8.265878677
hombre,16,20,8.633603096
hombre,7,22,7.594982147
mujer,11,8,7.467370987
hombre,11,6,7.690514565
hombre,7,26,7.537449837
mujer,11,16,7.557618141
mujer,9,25,6.368758678
hombre,11,4,6.842003822
hombre,11,22,7.172254086
hombre,17,22,10.75078583
hombre,5,25,7.075699329
mujer,8,4,6.538657665
mujer,11,21,6.3199687
mujer,11,6,7.041703224
mujer,8,29,7.478420734
mujer,9,49,6.974894524
hombre,5,34,7.349587917
mujer,7,2,6.656440735
mujer,3,30,7.061905861
mujer,12,5,7.090076923
hombre,16,37,9.141347885
hombre,5,18,7.795875072
hombre,2,29,7.531909466
mujer,16,14,9.546813011
hombre,6,42,7.661962509
mujer,11,21,6.859381676
hombre,11,5,7.49477005
mujer,7,23,7.224591732
hombre,5,39,7.481164455
mujer,11,21,7.909204006
hombre,5,15,7.467370987
mujer,13,13,7.978196621
hombre,5,15,7.130898952
mujer,13,21,8.437728882
hombre,12,18,7.824046135
mujer,11,19,7.285049438
hombre,11,7,7.467370987
hombre,12,8,7.439200401
mujer,17,10,8.148096085
mujer,5,27,6.999385834
hombre,11,20,7.755053043
hombre,10,9,7.467370987
mujer,2,45,6.599282265
hombre,0,47,7.079924583
hombre,14,6,7.49477005
mujer,16,6,7.671671391
hombre,10,6,7.439200401
mujer,4,29,6.591902256
mujer,11,3,4.759320736
hombre,11,9,7.572731495
hombre,11,26,7.829954624
hombre,7,21,7.795875072
mujer,11,10,6.725433826
hombre,11,25,8.668840408
hombre,3,24,7.456197739
hombre,6,19,7.061905861
hombre,11,4,7.38035965
hombre,5,18,7.407267094
mujer,11,8,6.474119186
hombre,9,22,7.62152195
hombre,9,11,7.478420734
hombre,11,19,7.331238747
mujer,10,2,7.101126671
mujer,5,44,6.368758678
hombre,11,40,8.330417633
hombre,3,26,7.244227409
hombre,2,12,7.061905861
mujer,11,33,8.361188889
hombre,11,8,7.390409946
mujer,11,17,7.860413551
mujer,11,4,6.879584312
mujer,5,43,7.167266369
hombre,3,6,6.656440735
mujer,7,22,7.467370987
mujer,5,25,7.244227409
hombre,4,23,7.454948425
mujer,11,23,6.974894524
hombre,5,22,6.850596905
mujer,7,25,7.463281155
hombre,3,47,7.349587917
mujer,5,34,7.439200401
hombre,7,9,7.167266369
hombre,8,24,7.144144058
mujer,3,22,7.195437431
mujer,4,23,7.024864674
mujer,18,12,8.489022255
mujer,14,0,6.96659565
mujer,7,12,6.502290249
mujer,5,19,6.396929741
mujer,14,1,7.71249342
hombre,11,20,7.481164455
hombre,5,17,7.62152195
hombre,11,18,6.973495007
hombre,11,18,8.083557129
hombre,5,11,6.59760046
mujer,11,5,7.572731495
mujer,4,5,6.522909641
mujer,11,1,7.196825504
hombre,12,3,7.349587917
hombre,8,29,7.013532162
mujer,4,27,6.838762283
hombre,5,13,7.478420734
mujer,11,5,7.70375967
mujer,11,12,7.500160694
mujer,11,13,7.418997765
mujer,11,21,8.017416954
mujer,7,17,6.907755375
mujer,14,30,8.671343803
hombre,3,12,5.585999489
hombre,16,5,8.132347107
mujer,11,27,8.89840126
mujer,16,15,8.853665352
hombre,8,14,6.684611797
mujer,5,42,7.061905861
hombre,14,21,7.678092003
hombre,16,3,8.196886063
hombre,14,16,7.827373981
hombre,10,2,9.58763504
mujer,11,6,6.635821819
mujer,7,37,7.444898129
mujer,16,27,8.160518646
hombre,11,1,7.38640213
mujer,15,12,7.835095882
hombre,8,19,7.572731495
mujer,3,19,7.061905861
hombre,5,39,6.925773621
mujer,14,30,10.32000256
mujer,11,23,7.364028931
mujer,8,22,7.577719212
mujer,8,18,7.436338902
mujer,11,11,8.448200226
mujer,11,14,7.475669861
hombre,16,28,8.383662224
hombre,9,9,7.255277157
hombre,3,23,7.418997765
hombre,16,15,9.230959892
mujer,11,12,7.277017593
mujer,8,28,7.213455677
mujer,11,14,7.439200401
hombre,11,25,7.572731495
mujer,2,19,7.285049438
hombre,18,3,8.853665352
mujer,19,11,8.825494766
mujer,11,22,8.265878677
mujer,8,30,7.061905861
hombre,4,38,6.879584312
mujer,11,16,7.167266369
mujer,14,23,6.725850582
hombre,11,26,7.675010204
mujer,15,6,8.448200226
mujer,5,5,6.551080227
mujer,5,37,6.992913246
mujer,5,37,7.187068939
mujer,11,15,7.349587917
mujer,5,30,6.656440735
hombre,16,11,8.132347107
mujer,11,12,7.144144058
mujer,11,4,7.473413467
hombre,5,21,7.500160694
mujer,11,5,7.521438122
hombre,11,13,7.23625946
hombre,17,10,8.825494766
hombre,11,26,7.861662865
mujer,11,6,7.645052433
mujer,5,7,6.838762283
hombre,11,12,7.390695572
hombre,11,30,7.264846802
mujer,11,4,7.10272789
mujer,16,23,9.330589294
hombre,16,24,8.671343803
mujer,11,7,7.459002972
mujer,5,32,6.761801243
hombre,14,22,8.959026337
mujer,16,20,8.894487381
mujer,8,6,6.396929741
mujer,16,16,8.710564613
mujer,6,13,7.410212517
mujer,11,12,7.854898453
hombre,17,31,8.671343803
hombre,7,23,7.526687622
hombre,6,22,7.098273754
hombre,11,5,7.600902557
mujer,11,2,6.810591698
hombre,11,7,7.244227409
hombre,11,9,7.755053043
mujer,0,40,7.285049438
hombre,11,32,7.62152195
hombre,8,52,7.562681198
hombre,13,20,7.978196621
hombre,13,18,8.201340675
hombre,7,13,7.755053043
mujer,11,6,7.467370987
mujer,14,31,8.240560532
hombre,19,24,10.3453207
hombre,14,2,7.627219677
hombre,5,26,7.978196621
mujer,8,14,7.079924583
mujer,10,21,7.398378372
mujer,16,4,9.364491463
hombre,10,27,7.224591732
hombre,14,12,7.755053043
mujer,5,46,7.795875072
hombre,8,10,7.426548958
hombre,11,17,7.605521202
hombre,16,18,8.758355141
mujer,11,8,7.62152195
mujer,11,9,7.467370987
mujer,16,25,7.637269974
mujer,10,14,7.277017117
mujer,5,33,7.10272789
hombre,9,16,7.478420734
mujer,3,18,6.06865406
mujer,6,38,7.298294544
mujer,11,6,7.49477005
hombre,10,26,7.277017117
hombre,11,2,5.606618881
hombre,5,35,7.167266369
hombre,2,11,6.561130524
hombre,5,9,7.244227409
mujer,16,13,7.418581009
hombre,11,21,7.978196621
mujer,11,2,7.061905861
mujer,13,6,7.418997765
mujer,7,12,7.214013577
mujer,14,35,7.572731495
mujer,11,19,7.978196621
mujer,11,35,8.334871292
hombre,8,22,7.835095882
mujer,4,8,6.299766064
mujer,11,16,7.560153008
mujer,5,43,6.720979214
mujer,11,5,6.299766064
hombre,11,21,7.013115883
mujer,10,22,7.475669861
mujer,2,46,6.907755375
hombre,8,37,7.489349842
mujer,11,26,7.601318836
hombre,16,23,9.2103405
hombre,9,2,6.145615101
hombre,11,6,7.410212517
hombre,11,20,8.058238983
hombre,5,18,6.761801243
hombre,5,21,7.061905861
mujer,4,12,6.758719444
mujer,11,19,7.562681198
mujer,9,14,7.244227409
mujer,9,14,7.500160694
hombre,4,23,7.033734798